{
    "loss":[
        12.514997884993837,
        7.235013064988856,
        6.661782553538978,
        6.349223739348929,
        6.144164689539764,
        5.979712488454443,
        5.838601652223083,
        5.712377159153975
    ],
    "val_loss":[
        7.567846066592455,
        6.679908249111841,
        6.327818435566327,
        6.1677963839302405,
        6.056632425704566,
        6.021149382799365,
        5.976034577927549,
        5.9065130540835735
    ]
}